{
    "retS": 88.6506380215545,
    "K1": [
        [
            3051.5690463112865,
            0.0,
            1640.8840402734215
        ],
        [
            0.0,
            2573.7396130840734,
            1283.9703380087226
        ],
        [
            0.0,
            0.0,
            1.0
        ]
    ],
    "D1": [
        [
            -0.13307923687768336,
            -1.6800876695342473,
            0.0,
            0.0,
            1.6963185039042068
        ]
    ],
    "K2": [
        [
            2422.6475516189644,
            0.0,
            1740.1932957814638
        ],
        [
            0.0,
            2198.166273562892,
            1419.841229976205
        ],
        [
            0.0,
            0.0,
            1.0
        ]
    ],
    "D2": [
        [
            0.49527510888696247,
            -0.26787997604598973,
            0.0,
            0.0,
            -1.8256252050958761
        ]
    ],
    "R": [
        [
            0.993666736451268,
            -0.09035267843896637,
            -0.0668042690940556
        ],
        [
            0.0973698784808638,
            0.9890871683746695,
            0.11056979750908531
        ],
        [
            0.05608496799417888,
            -0.11637425340462147,
            0.9916206479847063
        ]
    ],
    "T": [
        [
            109.19044829673176
        ],
        [
            -191.60070695795693
        ],
        [
            -77.81615503430703
        ]
    ],
    "E": [
        [
            -3.1689699578605275,
            99.26434966071692,
            -181.39110068289816
        ],
        [
            -83.44726761411802,
            19.737854932619577,
            -103.07705173296911
        ],
        [
            201.01910986659266,
            90.68723425492426,
            -0.7265794281347642
        ]
    ],
    "F": [
        [
            -7.859809045308849e-09,
            2.919078461828985e-07,
            -0.0017347854717330467
        ],
        [
            -2.2810546521714223e-07,
            6.397084931548835e-08,
            -0.0005676644634365284
        ],
        [
            0.0015454246382887971,
            4.727928820440443e-05,
            0.9999999999999999
        ]
    ],
    "rvecsL": [
        [
            [
                -0.03253098949790001
            ],
            [
                -0.15740129351615906
            ],
            [
                -1.6151238679885864
            ]
        ],
        [
            [
                -0.5421556830406189
            ],
            [
                0.25785714387893677
            ],
            [
                -1.5867868661880493
            ]
        ],
        [
            [
                1.091875433921814
            ],
            [
                1.1917415857315063
            ],
            [
                2.4288344383239746
            ]
        ],
        [
            [
                -0.7646419405937195
            ],
            [
                0.4807584881782532
            ],
            [
                -1.5542452335357666
            ]
        ],
        [
            [
                -0.8714228272438049
            ],
            [
                -0.2927883267402649
            ],
            [
                -1.9424324035644531
            ]
        ],
        [
            [
                -0.5763224959373474
            ],
            [
                -0.470718115568161
            ],
            [
                -2.033090353012085
            ]
        ],
        [
            [
                -0.6658055782318115
            ],
            [
                -0.39155521988868713
            ],
            [
                -2.00262188911438
            ]
        ],
        [
            [
                -1.3775299787521362
            ],
            [
                0.10844153165817261
            ],
            [
                -1.6639429330825806
            ]
        ],
        [
            [
                -0.10440468788146973
            ],
            [
                -0.709041178226471
            ],
            [
                -2.0957131385803223
            ]
        ],
        [
            [
                -0.07341086119413376
            ],
            [
                -0.706726610660553
            ],
            [
                -2.0938191413879395
            ]
        ],
        [
            [
                -0.3672703802585602
            ],
            [
                -0.5133658051490784
            ],
            [
                -2.057082414627075
            ]
        ],
        [
            [
                -1.022093415260315
            ],
            [
                -0.16439189016819
            ],
            [
                -1.7826701402664185
            ]
        ],
        [
            [
                0.4879469573497772
            ],
            [
                -0.9744841456413269
            ],
            [
                -2.0655064582824707
            ]
        ],
        [
            [
                -1.401787519454956
            ],
            [
                0.17476192116737366
            ],
            [
                -1.6706963777542114
            ]
        ],
        [
            [
                1.037064552307129
            ],
            [
                0.9339165687561035
            ],
            [
                2.350254535675049
            ]
        ],
        [
            [
                0.3102618455886841
            ],
            [
                0.57163405418396
            ],
            [
                2.6682770252227783
            ]
        ],
        [
            [
                1.3501036167144775
            ],
            [
                0.7673364877700806
            ],
            [
                2.4592020511627197
            ]
        ],
        [
            [
                -0.47498196363449097
            ],
            [
                0.4155188500881195
            ],
            [
                2.6068310737609863
            ]
        ],
        [
            [
                -1.234142780303955
            ],
            [
                0.3070714771747589
            ],
            [
                2.402912139892578
            ]
        ],
        [
            [
                -1.0926988124847412
            ],
            [
                0.7099603414535522
            ],
            [
                2.0750491619110107
            ]
        ],
        [
            [
                0.5997768044471741
            ],
            [
                1.2187167406082153
            ],
            [
                2.4994709491729736
            ]
        ],
        [
            [
                0.5993120074272156
            ],
            [
                1.2170114517211914
            ],
            [
                2.4996888637542725
            ]
        ],
        [
            [
                1.1155019998550415
            ],
            [
                1.249750018119812
            ],
            [
                2.400413990020752
            ]
        ],
        [
            [
                0.18384544551372528
            ],
            [
                0.9890820980072021
            ],
            [
                2.5212185382843018
            ]
        ],
        [
            [
                0.6345791816711426
            ],
            [
                1.0331519842147827
            ],
            [
                2.5713658332824707
            ]
        ],
        [
            [
                -0.3223235607147217
            ],
            [
                0.6767557859420776
            ],
            [
                2.5844943523406982
            ]
        ],
        [
            [
                -0.6343257427215576
            ],
            [
                0.03150596097111702
            ],
            [
