{"ret": 0.4846821457525684, "K": [[2748.992750252041, 0.0, 1623.1035894898998], [0.0, 2732.792230028166, 1229.1475744938043], [0.0, 0.0, 1.0]], "D": [[0.25695121518149217, -0.6874881643963026, -0.0016883252378241992, -0.0055060292891093085, 0.6037096855953816]], "rvecs": [[[-0.03253098856873633], [-0.15740129220187166], [-1.6151238858313672]], [[-0.542155696591043], [0.2578571318187434], [-1.5867868715176252]], [[1.0918754887343565], [1.1917416204126232], [2.428834357711722]], [[-0.764641945512425], [0.4807584736742064], [-1.554245223387477]], [[-0.8714228333255242], [-0.2927883338578267], [-1.9424324403285496]], [[-0.5763224673660178], [-0.47071811414962567], [-2.033090265326124]], [[-0.6658056034846442], [-0.39155522234908147], [-2.0026219335440425]], [[-1.3775300209732406], [0.1084415293977738], [-1.6639429003589472]], [[-0.10440468959062728], [-0.7090411507704306], [-2.0957130941252187]], [[-0.07341086120606526], [-0.7067265837218589], [-2.0938190511201333]], [[-0.3672703909092196], [-0.5133658125524138], [-2.0570825096536556]], [[-1.0220934013224259], [-0.1643918834268298], [-1.7826700997094158]], [[0.48794696573826885], [-0.974484126807282], [-2.0655065263456414]], [[-1.4017874712443728], [0.17476192310880787], [-1.6706964095891152]], [[1.0370645204743651], [0.9339165797103094], [2.350254561811978]], [[0.31026183915071226], [0.5716340498482962], [2.668276915344994]], [[1.3501036422062243], [0.7673364614768677], [2.459202020514454]], [[-0.4749819528385871], [0.41551885180335146], [2.606831103439836]], [[-1.2341428269425518], [0.30707147544531366], [2.402912222091423]], [[-1.0926988241138291], [0.7099603411266938], [2.0750491161445592]], [[0.5997768310524014], [1.2187167857746541], [2.499471000050772]], [[0.5993120194696735], [1.217011490645451], [2.4996889291061897]], [[1.1155019749089885], [1.2497500418516767], [2.400414048521746]], [[0.18384544297919334], [0.9890821146207582], [2.52121857043014]], [[0.6345792093268583], [1.0331520233389015], [2.5713658078152486]], [[-0.32232357060007777], [0.67675577523619], [2.5844944640457994]], [[-0.6343257501288492], [0.031505960391766], [1.0410538716346254]], [[-0.8000254043168665], [-0.2590925561598322], [0.9722274227030618]], [[-0.7586755657754856], [-0.19557546013114574], [0.9894113612803592]], [[-0.6106479895362856], [0.09608165826883683], [1.050502760573104]], [[-0.673342537619963], [-0.05136633688228602], [1.0197465182281322]], [[-0.6132315944303579], [-0.38406939703186266], [0.5340966313358484]], [[-0.5908437476059776], [-0.35861944266274204], [0.5435318123251591]], [[-1.0693936161151958], [0.05184602788768509], [0.7683545521357245]], [[-1.0382925847326367], [-0.011231904077301316], [0.8008132884808453]]], "tvecs": [[[-208.24001215660968], [194.34590361984147], [1339.0213014977949]], [[272.8959120355348], [241.5897897454856], [1816.0950944947872]], [[403.0450134771111], [237.56280099555988], [1488.844131268978]], [[478.86136093927905], [195.98693172957806], [1413.6985545938503]], [[53.43249968425565], [112.70657189827692], [822.8379086043047]], [[-451.440994356984], [127.26203224963339], [903.0989758296192]], [[396.582157440329], [178.99314652608444], [1413.7411733816537]], [[319.7497566066585], [186.41283327560961], [1474.9416088243709]], [[546.2120747643128], [150.9349734571167], [1222.6620793148527]], [[511.74764333446115], [155.48093436776108], [1249.8410965812004]], [[54.17568667899031], [132.83482850120313], [985.6392897388253]], [[141.46947745650957], [-170.6335535553995], [1017.2194563380879]], [[-396.26199136370053], [-156.42536360053188], [1046.7497848617115]], [[475.95656348660384], [-110.33224025276915], [1489.222451521418]], [[429.27154383495076], [-182.96443137570924], [994.5646183859963]], [[177.75079306960646], [293.6499916830736], [1052.869555749206]], [[491.966971129748], [258.6798043301319], [981.4953040308542]], [[516.184696635837], [391.1467300019997], [2258.9536867287607]], [[-392.6836737278527], [292.2730009060368], [1248.8046163067256]], [[-323.10576128429193], [197.06001123158305], [1214.8239978025092]], [[-64.45006427861453], [200.14564371143155], [1142.2893305692207]], [[-64.25169838374522], [200.4552204035551], [1142.585155896318]], [[123.16144197231924], [144.2333876897286], [628.4573174473301]], [[409.33211448505455], [264.32898967756586], [1704.270668924403]], [[347.2813299903166], [-230.9889505519223], [1705.6658497086946]], [[286.6037374370404], [14.981362905139278], [1781.6616622764107]], [[-16.551688466421503], [-584.3609371029861], [1908.0623403038933]], [[-644.2603168390423], [-587.7289315887729], [1864.0005861205052]], [[-644.7791233259335], [-379.50286494934267], [1828.8620105125563]], [[-711.8700623555815], [-401.73771692784794], [1622.2450921846946]], [[-687.9427669911247], [-119.23379106503835], [1610.8570261034765]], [[-704.1435854038667], [202.08975299851474], [1537.869550945917]], [[-770.9529024385834], [240.92456675078117], [1874.4430414718706]], [[-693.5111710959517], [154.92431375849063], [1961.3935533737924]], [[-692.8638457715157], [162.0461639126182], [1963.2066364799352]]], "reproj_errors": [3.955184507340354, 0.7618105377195681, 1.0574660923724275, 2.599968048176835, 1.3551039674340912, 8.299236168910266, 1.491102204633626, 0.8222821327215136, 3.2916204137940794, 2.8236342506450542, 1.5942366192912716, 3.403584602192216, 7.84301238086235, 2.9180626299457275, 3.5129840070885927, 2.514196164643245, 3.52794516390463, 1.17279092246413, 7.871028726960913, 7.3234227825983425, 4.045995671548085, 4.045238122555828, 1.7537586182336362, 1.0110668311808166, 2.378944386517053, 1.548935297803347, 4.880378811160267, 8.589854216898981, 8.183248074305578, 9.605446175901326, 8.95540288052764, 9.018449110375828, 8.336256534307788, 7.68374471793887, 7.680510915138814], "square_size": 25}