{
    "K1": [
        [
            2658.96484375,
            0.0,
            1672.199462890625
        ],
        [
            0.0,
            2653.708984375,
            1245.0787353515625
        ],
        [
            0.0,
            0.0,
            1.0
        ]
    ],
    "K2": [
        [
            2652.39306640625,
            0.0,
            1693.45458984375
        ],
        [
            0.0,
            2647.463134765625,
            1236.0936279296875
        ],
        [
            0.0,
            0.0,
            1.0
        ]
    ],
    "D1": [
        [
            0.259692907333374,
            -0.7005738615989685,
            0.0,
            0.0,
            0.6191189885139465
        ]
    ],
    "D2": [
        [
            0.24434126913547516,
            -0.6462768316268921,
            0.0,
            0.0,
            0.5655860900878906
        ]
    ],
    "R": [
        [
            0.9996567924468942,
            -0.0031563146709717113,
            -0.026006441365263987
        ],
        [
            0.0033839174600202387,
            0.9999563203892663,
            0.008712428833726341
        ],
        [
            0.025977806247080893,
            -0.008797442313353622,
            0.9996238085356572
        ]
    ],
    "T": [
        [
            79.74612507628709
        ],
        [
            -0.5637810647459998
        ],
        [
            -0.5175172539157885
        ]
    ],
    "E": [
        [
            -0.012894559594357185,
            0.5224544803580535,
            -0.5590601428767175
        ],
        [
            -2.588969024272647,
            0.7031953823731337,
            -79.70266648259951
        ],
        [
            0.8334418758408866,
            79.74086232614036,
            0.6801205002894278
        ]
    ],
    "F": [
        [
            1.2866218330560622e-08,
            -5.223386560208881e-07,
            0.002112091915277386
        ],
        [
            2.5880891222572214e-06,
            -7.043486549361658e-07,
            0.20840373345205043
        ],
        [
            -0.005426665655607033,
            -0.20970202245749792,
            1.0
        ]
    ],
    "r1": [
        [
            0.7944572277935424
        ],
        [
            0.5935254891627676
        ],
        [
            2.9834397943572877
        ]
    ],
    "t1": [
        [
            -780.7780236597133
        ],
        [
            -583.5003677674957
        ],
        [
            -2963.4941038481966
        ]
    ],
    "r2": [
        [
            0.030795312959613224
        ],
        [
            -0.041651380504222825
        ],
        [
            -0.0037874044851718925
        ]
    ],
    "t2": [
        [
            107.33238321428703
        ],
        [
            64.03678284034218
        ],
        [
            34.57654541407156
        ]
    ],
    "C2W": [
        [
            0.980933264316889,
            -0.1108209846974309,
            -0.15965162168704486,
            36.136589185891054
        ],
        [
            0.06403694787004374,
            0.9599189844237854,
            -0.27286409190345395,
            265.8257348482432
        ],
        [
            0.18349168990474976,
            0.2574378618103777,
            0.948713100490554,
            -1524.8352264212492
        ],
        [
            0.0,
            0.0,
            0.0,
            1.0
        ]
    ],
    "W2C": [
        [
            0.9809332643168892,
            0.06403694787004374,
            0.18349168990474976,
            227.3243414059392
        ],
        [
            -0.11082098469743092,
            0.9599189844237858,
            0.25743786181037775,
            141.38384327098422
        ],
        [
            -0.1596516216870449,
            -0.2728640919034544,
            0.948713100490554,
            1524.9347182050196
        ],
        [
            0.0,
            0.0,
            0.0,
            1.0
        ]
    ]
}