{"retS": 0.833908116856297, "K1": [[2658.964889420351, 0.0, 1672.1994753352492], [0.0, 2653.7089941799563, 1245.0787652190058], [0.0, 0.0, 1.0]], "D1": [[0.2596929167173035, -0.7005738631966134, 0.0, 0.0, 0.6191190177808981]], "K2": [[2652.393050768629, 0.0, 1693.4545985621148], [0.0, 2647.463074197946, 1236.0936865869328], [0.0, 0.0, 1.0]], "D2": [[0.2443412628906419, -0.6462768460032435, 0.0, 0.0, 0.565586070338708]], "R": [[0.9996567924468942, -0.0031563146709717113, -0.026006441365263987], [0.0033839174600202387, 0.9999563203892663, 0.008712428833726341], [0.025977806247080893, -0.008797442313353622, 0.9996238085356572]], "T": [[79.74612507628709], [-0.5637810647459998], [-0.5175172539157885]], "E": [[-0.012894559594357185, 0.5224544803580535, -0.5590601428767175], [-2.588969024272647, 0.7031953823731337, -79.70266648259951], [0.8334418758408866, 79.74086232614036, 0.6801205002894278]], "F": [[1.2866218330560622e-08, -5.223386560208881e-07, 0.002112091915277386], [2.5880891222572214e-06, -7.043486549361658e-07, 0.20840373345205043], [-0.005426665655607033, -0.20970202245749792, 1.0]], "rvecsL": [[[-0.02883005189587271], [-0.145128334703094], [-1.6152608521516192]], [[-0.5438961437183808], [0.25694730419102285], [-1.5868402210013235]], [[1.0922117483574567], [1.1940550457660657], [2.427088604418803]], [[-0.7666979201894746], [0.4788360851077692], [-1.5541637793473932]], [[-0.8744786226003194], [-0.29512547453646387], [-1.9412764293927915]], [[-0.5784684962588406], [-0.4707991791424467], [-2.0326668854132133]], [[-0.6679791182347556], [-0.39222329418044394], [-2.0020755731210405]], [[-1.3780026762806954], [0.10557261562577959], [-1.6648835049460822]], [[-0.10556770349758769], [-0.7104328427171891], [-2.0949185334114793]], [[-0.07480308948676287], [-0.707453324942587], [-2.0932484114629535]], [[-0.3679259281677983], [-0.5156591818092565], [-2.0566430548137924]], [[-1.0232365365284337], [-0.16531479545465463], [-1.7829099580996002]], [[0.48831650494857426], [-0.9757655602095701], [-2.064887541698979]], [[-1.4034144893768816], [0.1744292483820086], [-1.6700710077608425]], [[1.037341948063107], [0.9360917440914903], [2.3493663763080606]], [[0.3098669849938619], [0.5747374826772693], [2.6675933961100244]], [[1.3501533465015925], [0.770663870677201], [2.4581407765541017]], [[-0.47756175733157885], [0.41730504597377216], [2.6067517216732563]], [[-1.2353373055938555], [0.3112584452189647], [2.401815493222547]], [[-1.094283211323649], [0.7112022642321344], [2.0745360685269327]], [[0.5993674710720541], [1.221744341431517], [2.497113308126545]], [[0.5996252045243972], [1.218546306160771], [2.497817837656528]], [[1.1159541122715053], [1.2505805186138783], [2.3995294543744947]], [[0.1825081519139447], [0.9932533075705695], [2.520367652840539]], [[0.6370128560657111], [1.0363854781573991], [2.5701753440109227]], [[-0.32598938231135327], [0.67616009269046], [2.583713276516537]], [[-0.6357732977306506], [0.031310485808584546], [1.040715746411612]], [[-0.8005926355628699], [-0.25890972048204786], [0.9723125464265565]], [[-0.7580971880624751], [-0.19728669802540671], [0.9899302576020912]], [[-0.6103102811698319], [0.0963736624589703], [1.0504947123046076]], [[-0.6739113834029455], [-0.051283131547431346], [1.0197331229546893]], [[-0.6157460960266878], [-0.3860403311973185], [0.5343949566615178]], [[-0.5914863074702698], [-0.36202648542020754], [0.5443248102584185]], [[-1.0702534218037845], [0.05239662371866673], [0.768719477158705]], [[-1.0403508711504237], [-0.010643247176357057], [0.8005650064656257]]], "rvecsR": [[[-0.010356824608225389], [-0.19576557380217607], [-1.6123350674102017]], [[-0.5359151653628995], [0.2288378408289392], [-1.589702354471303]], [[1.0484235975041563], [1.1845174225422905], [2.4337827546668773]], [[-0.7456099226364226], [0.465473807252332], [-1.5661560575428881]], [[-0.8434805441121271], [-0.31343739163032797], [-1.9572699637773898]], [[-0.5388418565719002], [-0.5061058654589758], [-2.0406637115511095]], [[-0.6314306686757934], [-0.4021812782571343], [-2.0187958614130013]], [[-1.3540632803495387], [0.08988958948983773], [-1.6862032073051305]], [[-0.06822792476048253], [-0.7321010303387593], [-2.0998471613631446]], [[-0.036602907773716185], [-0.7299540767630378], [-2.097125319467885]], [[-0.3304314463098538], [-0.5329512909840702], [-2.0654079359796524]], [[-0.9921497484261372], [-0.18533205449911325], [-1.8027558595604793]], [[0.527783514714797], [-1.002381636394862], [-2.0576472367855487]], [[-1.3783523575157417], [0.15811754388164154], [-1.6936603188290111]], [[0.9960509375601188], [0.9209793547898099], [2.3564854575388967]], [[0.27815611017214337], [0.5653989119699004], [2.6669779463923344]], [[1.3065580691955565], [0.7609627332364501], [2.4706319502528182]], [[-0.5252684688538766], [0.39816130156694485], [2.5969137912014597]], [[-1.2748206085577216], [0.2966553098993209], [2.3882189819751813]], [[-1.1321448683430206], [0.6987792283636183], [2.0534141756478044]], [[0.5478180424802055], [1.2154037728900606], [2.498276656139833]], [[0.5486377129644031], [1.2131430139152686], [2.4990120271277174]], [[1.0669562999423334], [1.2458522755034422], [2.4056631884298234]], [[0.14324667323850435], [0.9814637791095372], [2.515866269261775]], [[0.5899658173390504], [1.0241553309710283], [2.572152593864968]], [[-0.3704021936235673], [0.6621852902174569], [2.573756341638603]], [[-0.6549037421408879], [-0.0013779523695029215], [1.0312032938667084]], [[-0.8258965211982228], [-0.29140567190659716], [0.9591779130157084]], [[-0.7850204114895628], [-0.22596546272388066], [0.9788808957206391]], [[-0.6384833895106141], [0.06172079684542406], [1.04200846541144]], [[-0.7060067967193088], [-0.07824417994143956], [1.0101537986797307]], [[-0.6346054232288953], [-0.40186568400581724], [0.5264707367998394]], [[-0.609060472747252], [-0.3804818261768251], [0.5382529992162414]], [[-1.089193184312523], [0.02265041734309802], [0.7531757141088461]], [[-1.0587962647504185], [-0.04200483500261817], [0.786799615233265]]], "square_size": 25}